{
  "drive": {
    "p": 0.0020645,
    "i": 0.00000002,
    "d": 0,
    "f": 0,
    "iz": 0
  },
  "angle": {
    "p": 0.055,
    "i": 0,
    "d": 60,
    "f": 0,
    "iz": 0
  }
}