{
  "drive": {
    "p": 0.00023,
    "i": 0.00000002,
    "d": 1,
    "f": 0,
    "iz": 0
  },
  "angle": {
    "p": 0.02,
    "i": 0,
    "d": 0,
    "f": 0.001,
    "iz": 0
  }
}